{
  "Id": "",
  "Name": "",
  "Groups": {
    "76f28d8c-4988-4281-a032-fe4e003b976a": {
      "Id": "76f28d8c-4988-4281-a032-fe4e003b976a",
      "Name": "East",
      "Panels": {
        "019e8c70-8b4e-474f-a89b-c453c3fb600d": {
          "Id": "019e8c70-8b4e-474f-a89b-c453c3fb600d",
          "Name": "panel1",
          "TypeName": "",
          "PeakPower": 0.3,
          "PanelPeakAngle": 0.7853981633974483,
          "BaseAngle": 0.4014257279586958,
          "Azimuth": -0.6981317007977318,
          "GroupId": "76f28d8c-4988-4281-a032-fe4e003b976a",
          "Width": 2000.0,
          "Height": 1000.0,
          "CenterWidth": 1000.0,
          "CenterHeight": 500.0,
          "Efficiency": 1.0,
          "DirtRatio": 0.00013698630136986303,
          "Latitude": 49.194103,
          "Longitude": 16.608998,
          "AzimutInDegrees": -40.0,
          "BaseAngleInDegrees": 23.0,
          "PanelPeakAngleInDegrees": 45.0
        },
        "53cbde30-5ff9-412d-8fcb-e253d996550e": {
          "Id": "53cbde30-5ff9-412d-8fcb-e253d996550e",
          "Name": "panel2",
          "TypeName": "",
          "PeakPower": 0.3,
          "PanelPeakAngle": 0.7853981633974483,
          "BaseAngle": 0.4014257279586958,
          "Azimuth": -0.6981317007977318,
          "GroupId": "76f28d8c-4988-4281-a032-fe4e003b976a",
          "Width": 2000.0,
          "Height": 1000.0,
          "CenterWidth": 1000.0,
          "CenterHeight": 500.0,
          "Efficiency": 1.0,
          "DirtRatio": 0.00013698630136986303,
          "Latitude": 49.194103,
          "Longitude": 16.608998,
          "AzimutInDegrees": -40.0,
          "BaseAngleInDegrees": 23.0,
          "PanelPeakAngleInDegrees": 45.0
        },
        "0821df43-398b-4626-af79-cd77082da350": {
          "Id": "0821df43-398b-4626-af79-cd77082da350",
          "Name": "panel3",
          "TypeName": "",
          "PeakPower": 0.3,
          "PanelPeakAngle": 0.7853981633974483,
          "BaseAngle": 0.4014257279586958,
          "Azimuth": -0.6981317007977318,
          "GroupId": "76f28d8c-4988-4281-a032-fe4e003b976a",
          "Width": 2000.0,
          "Height": 1000.0,
          "CenterWidth": 1000.0,
          "CenterHeight": 500.0,
          "Efficiency": 1.0,
          "DirtRatio": 0.00013698630136986303,
          "Latitude": 49.194103,
          "Longitude": 16.608998,
          "AzimutInDegrees": -40.0,
          "BaseAngleInDegrees": 23.0,
          "PanelPeakAngleInDegrees": 45.0
        }
      }
    },
    "f732cb9d-fe6f-4239-9e1b-f074423540e5": {
      "Id": "f732cb9d-fe6f-4239-9e1b-f074423540e5",
      "Name": "West",
      "Panels": {
        "0577b4c9-b302-4152-8019-3b1e103525b1": {
          "Id": "0577b4c9-b302-4152-8019-3b1e103525b1",
          "Name": "test",
          "TypeName": "",
          "PeakPower": 0.3,
          "PanelPeakAngle": 0.7853981633974483,
          "BaseAngle": 0.4014257279586958,
          "Azimuth": 1.0471975511965977,
          "GroupId": "f732cb9d-fe6f-4239-9e1b-f074423540e5",
          "Width": 2000.0,
          "Height": 1000.0,
          "CenterWidth": 1000.0,
          "CenterHeight": 500.0,
          "Efficiency": 1.0,
          "DirtRatio": 0.00013698630136986303,
          "Latitude": 49.194103,
          "Longitude": 16.608998,
          "AzimutInDegrees": 59.99999999999999,
          "BaseAngleInDegrees": 23.0,
          "PanelPeakAngleInDegrees": 45.0
        },
        "9acfe828-70c3-4507-b56b-2550a466b373": {
          "Id": "9acfe828-70c3-4507-b56b-2550a466b373",
          "Name": "test",
          "TypeName": "",
          "PeakPower": 0.3,
          "PanelPeakAngle": 0.7853981633974483,
          "BaseAngle": 0.4014257279586958,
          "Azimuth": 1.0471975511965977,
          "GroupId": "f732cb9d-fe6f-4239-9e1b-f074423540e5",
          "Width": 2000.0,
          "Height": 1000.0,
          "CenterWidth": 1000.0,
          "CenterHeight": 500.0,
          "Efficiency": 1.0,
          "DirtRatio": 0.00013698630136986303,
          "Latitude": 49.194103,
          "Longitude": 16.608998,
          "AzimutInDegrees": 59.99999999999999,
          "BaseAngleInDegrees": 23.0,
          "PanelPeakAngleInDegrees": 45.0
        },
        "fc1b09d2-5038-4c63-91cd-ba7c2fd5caaf": {
          "Id": "fc1b09d2-5038-4c63-91cd-ba7c2fd5caaf",
          "Name": "test",
          "TypeName": "",
          "PeakPower": 0.3,
          "PanelPeakAngle": 0.7853981633974483,
          "BaseAngle": 0.4014257279586958,
          "Azimuth": 1.0471975511965977,
          "GroupId": "f732cb9d-fe6f-4239-9e1b-f074423540e5",
          "Width": 2000.0,
          "Height": 1000.0,
          "CenterWidth": 1000.0,
          "CenterHeight": 500.0,
          "Efficiency": 1.0,
          "DirtRatio": 0.00013698630136986303,
          "Latitude": 49.194103,
          "Longitude": 16.608998,
          "AzimutInDegrees": 59.99999999999999,
          "BaseAngleInDegrees": 23.0,
          "PanelPeakAngleInDegrees": 45.0
        },
        "1fe1dfda-78ff-459a-9af5-b84ef2d6c0c7": {
          "Id": "1fe1dfda-78ff-459a-9af5-b84ef2d6c0c7",
          "Name": "test",
          "TypeName": "",
          "PeakPower": 0.3,
          "PanelPeakAngle": 0.7853981633974483,
          "BaseAngle": 0.4014257279586958,
          "Azimuth": 1.0471975511965977,
          "GroupId": "f732cb9d-fe6f-4239-9e1b-f074423540e5",
          "Width": 2000.0,
          "Height": 1000.0,
          "CenterWidth": 1000.0,
          "CenterHeight": 500.0,
          "Efficiency": 1.0,
          "DirtRatio": 0.00013698630136986303,
          "Latitude": 49.194103,
          "Longitude": 16.608998,
          "AzimutInDegrees": 59.99999999999999,
          "BaseAngleInDegrees": 23.0,
          "PanelPeakAngleInDegrees": 45.0
        },
        "e2dc9922-a162-4f63-bdd6-96f8642752a5": {
          "Id": "e2dc9922-a162-4f63-bdd6-96f8642752a5",
          "Name": "test",
          "TypeName": "",
          "PeakPower": 0.3,
          "PanelPeakAngle": 0.7853981633974483,
          "BaseAngle": 0.4014257279586958,
          "Azimuth": 1.0471975511965977,
          "GroupId": "f732cb9d-fe6f-4239-9e1b-f074423540e5",
          "Width": 2000.0,
          "Height": 1000.0,
          "CenterWidth": 1000.0,
          "CenterHeight": 500.0,
          "Efficiency": 1.0,
          "DirtRatio": 0.00013698630136986303,
          "Latitude": 49.194103,
          "Longitude": 16.608998,
          "AzimutInDegrees": 59.99999999999999,
          "BaseAngleInDegrees": 23.0,
          "PanelPeakAngleInDegrees": 45.0
        },
        "c9d67e67-c4bb-4c3d-b5cd-27e8be102faf": {
          "Id": "c9d67e67-c4bb-4c3d-b5cd-27e8be102faf",
          "Name": "test",
          "TypeName": "",
          "PeakPower": 0.3,
          "PanelPeakAngle": 0.7853981633974483,
          "BaseAngle": 0.4014257279586958,
          "Azimuth": 1.0471975511965977,
          "GroupId": "f732cb9d-fe6f-4239-9e1b-f074423540e5",
          "Width": 2000.0,
          "Height": 1000.0,
          "CenterWidth": 1000.0,
          "CenterHeight": 500.0,
          "Efficiency": 1.0,
          "DirtRatio": 0.00013698630136986303,
          "Latitude": 49.194103,
          "Longitude": 16.608998,
          "AzimutInDegrees": 59.99999999999999,
          "BaseAngleInDegrees": 23.0,
          "PanelPeakAngleInDegrees": 45.0
        },
        "dbc4985b-e0ad-4807-947d-5706ceb70d5e": {
          "Id": "dbc4985b-e0ad-4807-947d-5706ceb70d5e",
          "Name": "test",
          "TypeName": "",
          "PeakPower": 0.3,
          "PanelPeakAngle": 0.7853981633974483,
          "BaseAngle": 0.4014257279586958,
          "Azimuth": 1.0471975511965977,
          "GroupId": "f732cb9d-fe6f-4239-9e1b-f074423540e5",
          "Width": 2000.0,
          "Height": 1000.0,
          "CenterWidth": 1000.0,
          "CenterHeight": 500.0,
          "Efficiency": 1.0,
          "DirtRatio": 0.00013698630136986303,
          "Latitude": 49.194103,
          "Longitude": 16.608998,